INSERT INTO ADDRESSENTITY (ZIPCODE, STREET, ADDITIONALINFO) VALUES ('2730', 'Frederiksberg Alle 52a', 'Building 5');
INSERT INTO ADDRESSENTITY (ZIPCODE, STREET, ADDITIONALINFO) VALUES ('1000', 'Ballerup Byvej 1', 'Building 3');
INSERT INTO ADDRESSENTITY (ZIPCODE, STREET, ADDITIONALINFO) VALUES ('3050', 'Algade 2', 'Building 1');
INSERT INTO ADDRESSENTITY (ZIPCODE, STREET, ADDITIONALINFO) VALUES ('3050', 'Roskildevej 13', 'Building 2');
INSERT INTO ADDRESSENTITY (ZIPCODE, STREET, ADDITIONALINFO) VALUES ('1000', 'Raadhuspladsen 8', 'Building 5');
INSERT INTO ADDRESSENTITY (ZIPCODE, STREET, ADDITIONALINFO) VALUES ('2730', 'Frederiksberg Alle 52a', 'Building 4');
INSERT INTO ADDRESSENTITY (ZIPCODE, STREET, ADDITIONALINFO) VALUES ('1000', 'Frederiksberg Alle 52a', 'Building 4');
INSERT INTO ADDRESSENTITY (ZIPCODE, STREET, ADDITIONALINFO) VALUES ('2730', 'Algade 2', 'Building 1');
INSERT INTO ADDRESSENTITY (ZIPCODE, STREET, ADDITIONALINFO) VALUES ('3450', 'Roskildevej 13', 'Building 4');
INSERT INTO ADDRESSENTITY (ZIPCODE, STREET, ADDITIONALINFO) VALUES ('1000', 'Ballerup Byvej 1', 'Building 5');
INSERT INTO INFOENTITY (DTYPE, ADDRESSID, EMAIL) VALUES ('CompanyEntity', '1', 'lpalmer@yahoo.com');
INSERT INTO INFOENTITY (DTYPE, ADDRESSID, EMAIL) VALUES ('CompanyEntity', '2', 'lpalmer@yahoo.com');
INSERT INTO INFOENTITY (DTYPE, ADDRESSID, EMAIL) VALUES ('CompanyEntity', '3', 'noticias@outlook.com');
INSERT INTO INFOENTITY (DTYPE, ADDRESSID, EMAIL) VALUES ('CompanyEntity', '4', 'lpalmer@yahoo.com');
INSERT INTO INFOENTITY (DTYPE, ADDRESSID, EMAIL) VALUES ('CompanyEntity', '5', 'ivoibs@yahoo.com');
INSERT INTO INFOENTITY (DTYPE, ADDRESSID, EMAIL) VALUES ('CompanyEntity', '6', 'noticias@outlook.com');
INSERT INTO INFOENTITY (DTYPE, ADDRESSID, EMAIL) VALUES ('CompanyEntity', '7', 'jschauma@hotmail.com');
INSERT INTO INFOENTITY (DTYPE, ADDRESSID, EMAIL) VALUES ('CompanyEntity', '8', 'noticias@outlook.com');
INSERT INTO INFOENTITY (DTYPE, ADDRESSID, EMAIL) VALUES ('CompanyEntity', '9', 'sethbrown@comcast.net');
INSERT INTO INFOENTITY (DTYPE, ADDRESSID, EMAIL) VALUES ('CompanyEntity', '10', 'sethbrown@comcast.net');
INSERT INTO PHONEENTITY (NUMBER, DESCRIPTION, INFOENTITYID) VALUES ('12345679', 'fastnet', '1');
INSERT INTO PHONEENTITY (NUMBER, DESCRIPTION, INFOENTITYID) VALUES ('12345680', 'midlertidigt', '2');
INSERT INTO PHONEENTITY (NUMBER, DESCRIPTION, INFOENTITYID) VALUES ('12345681', 'mobil', '3');
INSERT INTO PHONEENTITY (NUMBER, DESCRIPTION, INFOENTITYID) VALUES ('12345682', 'midlertidigt', '4');
INSERT INTO PHONEENTITY (NUMBER, DESCRIPTION, INFOENTITYID) VALUES ('12345683', 'public', '5');
INSERT INTO PHONEENTITY (NUMBER, DESCRIPTION, INFOENTITYID) VALUES ('12345684', 'privat', '6');
INSERT INTO PHONEENTITY (NUMBER, DESCRIPTION, INFOENTITYID) VALUES ('12345685', 'mobil', '7');
INSERT INTO PHONEENTITY (NUMBER, DESCRIPTION, INFOENTITYID) VALUES ('12345686', 'public', '8');
INSERT INTO PHONEENTITY (NUMBER, DESCRIPTION, INFOENTITYID) VALUES ('12345687', 'public', '9');
INSERT INTO PHONEENTITY (NUMBER, DESCRIPTION, INFOENTITYID) VALUES ('12345688', 'midlertidigt', '10');
INSERT INTO COMPANYENTITY (ID, NAME, DESCRIPTION, CVR, NUMEMPLOYEES, MARKETVALUE) VALUES ('1', 'The Cold Duck theatre Company', 'Sports Club', '25779770', '250', '500000');
INSERT INTO COMPANYENTITY (ID, NAME, DESCRIPTION, CVR, NUMEMPLOYEES, MARKETVALUE) VALUES ('2', 'Hot Spoon web', 'Shipping', '25779770', '5', '2000000');
INSERT INTO COMPANYENTITY (ID, NAME, DESCRIPTION, CVR, NUMEMPLOYEES, MARKETVALUE) VALUES ('3', 'The Angry Cherry Marketing Computing', 'Home Furnishing', '25779770', '1250', '2000000');
INSERT INTO COMPANYENTITY (ID, NAME, DESCRIPTION, CVR, NUMEMPLOYEES, MARKETVALUE) VALUES ('4', 'The Angry Cherry Marketing Computing', 'Shipping', '25779770', '250', '250000');
INSERT INTO COMPANYENTITY (ID, NAME, DESCRIPTION, CVR, NUMEMPLOYEES, MARKETVALUE) VALUES ('5', 'Thin Beaver Marketing', 'Restaurant', '25779770', '1250', '500000');
INSERT INTO COMPANYENTITY (ID, NAME, DESCRIPTION, CVR, NUMEMPLOYEES, MARKETVALUE) VALUES ('6', 'Thin Beaver Marketing', 'Sports Club', '10629241', '5', '250000');
INSERT INTO COMPANYENTITY (ID, NAME, DESCRIPTION, CVR, NUMEMPLOYEES, MARKETVALUE) VALUES ('7', 'The Brey Phone Films Company', 'Sports Club', '10629241', '250', '1000000');
INSERT INTO COMPANYENTITY (ID, NAME, DESCRIPTION, CVR, NUMEMPLOYEES, MARKETVALUE) VALUES ('8', 'The Angry Cherry Marketing Computing', 'Restaurant', '40180753', '25', '2000000');
INSERT INTO COMPANYENTITY (ID, NAME, DESCRIPTION, CVR, NUMEMPLOYEES, MARKETVALUE) VALUES ('9', 'The Angry Cherry Marketing Computing', 'Sports Club', '25779770', '10000', '2000000');
INSERT INTO COMPANYENTITY (ID, NAME, DESCRIPTION, CVR, NUMEMPLOYEES, MARKETVALUE) VALUES ('10', 'The Brey Phone Films Company', 'Shipping', '25779770', '10000', '1000000');
INSERT INTO ADDRESSENTITY (ZIPCODE, STREET, ADDITIONALINFO) VALUES ('3050', 'Ballerup Byvej 1', 'Building 1');
INSERT INTO ADDRESSENTITY (ZIPCODE, STREET, ADDITIONALINFO) VALUES ('2730', 'Algade 2', 'Building 3');
INSERT INTO ADDRESSENTITY (ZIPCODE, STREET, ADDITIONALINFO) VALUES ('2750', 'Algade 2', 'Building 5');
INSERT INTO ADDRESSENTITY (ZIPCODE, STREET, ADDITIONALINFO) VALUES ('3450', 'Algade 2', 'Building 2');
INSERT INTO ADDRESSENTITY (ZIPCODE, STREET, ADDITIONALINFO) VALUES ('3450', 'Roskildevej 13', 'Building 1');
INSERT INTO ADDRESSENTITY (ZIPCODE, STREET, ADDITIONALINFO) VALUES ('3050', 'Frederiksberg Alle 52a', 'Building 5');
INSERT INTO ADDRESSENTITY (ZIPCODE, STREET, ADDITIONALINFO) VALUES ('3450', 'Roskildevej 13', 'Building 3');
INSERT INTO ADDRESSENTITY (ZIPCODE, STREET, ADDITIONALINFO) VALUES ('1000', 'Raadhuspladsen 8', 'Building 3');
INSERT INTO ADDRESSENTITY (ZIPCODE, STREET, ADDITIONALINFO) VALUES ('3450', 'Algade 2', 'Building 2');
INSERT INTO ADDRESSENTITY (ZIPCODE, STREET, ADDITIONALINFO) VALUES ('3050', 'Algade 2', 'Building 5');
INSERT INTO INFOENTITY (DTYPE, ADDRESSID, EMAIL) VALUES ('PersonEntity', '11', 'lpalmer@yahoo.com');
INSERT INTO INFOENTITY (DTYPE, ADDRESSID, EMAIL) VALUES ('PersonEntity', '12', 'lpalmer@yahoo.com');
INSERT INTO INFOENTITY (DTYPE, ADDRESSID, EMAIL) VALUES ('PersonEntity', '13', 'lpalmer@yahoo.com');
INSERT INTO INFOENTITY (DTYPE, ADDRESSID, EMAIL) VALUES ('PersonEntity', '14', 'ivoibs@yahoo.com');
INSERT INTO INFOENTITY (DTYPE, ADDRESSID, EMAIL) VALUES ('PersonEntity', '15', 'ivoibs@yahoo.com');
INSERT INTO INFOENTITY (DTYPE, ADDRESSID, EMAIL) VALUES ('PersonEntity', '16', 'jschauma@hotmail.com');
INSERT INTO INFOENTITY (DTYPE, ADDRESSID, EMAIL) VALUES ('PersonEntity', '17', 'lpalmer@yahoo.com');
INSERT INTO INFOENTITY (DTYPE, ADDRESSID, EMAIL) VALUES ('PersonEntity', '18', 'sethbrown@comcast.net');
INSERT INTO INFOENTITY (DTYPE, ADDRESSID, EMAIL) VALUES ('PersonEntity', '19', 'lpalmer@yahoo.com');
INSERT INTO INFOENTITY (DTYPE, ADDRESSID, EMAIL) VALUES ('PersonEntity', '20', 'lpalmer@yahoo.com');
INSERT INTO PHONEENTITY (NUMBER, DESCRIPTION, INFOENTITYID) VALUES ('12345699', 'privat', '11');
INSERT INTO PHONEENTITY (NUMBER, DESCRIPTION, INFOENTITYID) VALUES ('12345700', 'privat', '12');
INSERT INTO PHONEENTITY (NUMBER, DESCRIPTION, INFOENTITYID) VALUES ('12345701', 'midlertidigt', '13');
INSERT INTO PHONEENTITY (NUMBER, DESCRIPTION, INFOENTITYID) VALUES ('12345702', 'public', '14');
INSERT INTO PHONEENTITY (NUMBER, DESCRIPTION, INFOENTITYID) VALUES ('12345703', 'midlertidigt', '15');
INSERT INTO PHONEENTITY (NUMBER, DESCRIPTION, INFOENTITYID) VALUES ('12345704', 'midlertidigt', '16');
INSERT INTO PHONEENTITY (NUMBER, DESCRIPTION, INFOENTITYID) VALUES ('12345705', 'mobil', '17');
INSERT INTO PHONEENTITY (NUMBER, DESCRIPTION, INFOENTITYID) VALUES ('12345706', 'midlertidigt', '18');
INSERT INTO PHONEENTITY (NUMBER, DESCRIPTION, INFOENTITYID) VALUES ('12345707', 'mobil', '19');
INSERT INTO PHONEENTITY (NUMBER, DESCRIPTION, INFOENTITYID) VALUES ('12345708', 'privat', '20');
INSERT INTO PERSONENTITY (ID, FIRSTNAME, LASTNAME) VALUES ('11', 'Mikkel', 'Andersen');
INSERT INTO PERSONENTITY (ID, FIRSTNAME, LASTNAME) VALUES ('12', 'Mathias', 'Andersen');
INSERT INTO PERSONENTITY (ID, FIRSTNAME, LASTNAME) VALUES ('13', 'Alexander', 'Andersen');
INSERT INTO PERSONENTITY (ID, FIRSTNAME, LASTNAME) VALUES ('14', 'Mikkel', 'Dinesen');
INSERT INTO PERSONENTITY (ID, FIRSTNAME, LASTNAME) VALUES ('15', 'Sigurd', 'Christensen');
INSERT INTO PERSONENTITY (ID, FIRSTNAME, LASTNAME) VALUES ('16', 'Stanislav', 'Dinesen');
INSERT INTO PERSONENTITY (ID, FIRSTNAME, LASTNAME) VALUES ('17', 'Mathias', 'Andersen');
INSERT INTO PERSONENTITY (ID, FIRSTNAME, LASTNAME) VALUES ('18', 'Stanislav', 'Henriksen');
INSERT INTO PERSONENTITY (ID, FIRSTNAME, LASTNAME) VALUES ('19', 'Stanislav', 'Hansen');
INSERT INTO PERSONENTITY (ID, FIRSTNAME, LASTNAME) VALUES ('20', 'Mathias', 'Andersen');
INSERT INTO HOBBYENTITY (NAME, DESCRIPTION) VALUES ('windsurfing', 'teamsport');
INSERT INTO HOBBYENTITY (NAME, DESCRIPTION) VALUES ('gaming', 'beskrivelse her');
INSERT INTO HOBBYENTITY (NAME, DESCRIPTION) VALUES ('floorball', 'holdsport');
INSERT INTO HOBBYENTITY (NAME, DESCRIPTION) VALUES ('håndbold', 'enkeltperson');
INSERT INTO HOBBYENTITY (NAME, DESCRIPTION) VALUES ('fodbold', 'holdsport');
INSERT INTO personentity_hobbyentity (hobbies_NAME, persons_ID) VALUES ('fodbold', '11');
INSERT INTO personentity_hobbyentity (hobbies_NAME, persons_ID) VALUES ('floorball', '12');
INSERT INTO personentity_hobbyentity (hobbies_NAME, persons_ID) VALUES ('floorball', '13');
INSERT INTO personentity_hobbyentity (hobbies_NAME, persons_ID) VALUES ('windsurfing', '14');
INSERT INTO personentity_hobbyentity (hobbies_NAME, persons_ID) VALUES ('håndbold', '15');
INSERT INTO personentity_hobbyentity (hobbies_NAME, persons_ID) VALUES ('gaming', '16');
INSERT INTO personentity_hobbyentity (hobbies_NAME, persons_ID) VALUES ('håndbold', '17');
INSERT INTO personentity_hobbyentity (hobbies_NAME, persons_ID) VALUES ('floorball', '18');
INSERT INTO personentity_hobbyentity (hobbies_NAME, persons_ID) VALUES ('fodbold', '19');
INSERT INTO personentity_hobbyentity (hobbies_NAME, persons_ID) VALUES ('gaming', '20');