INSERT INTO ADDRESSENTITY (ZIPCODE, STREET, ADDITIONALINFO) VALUES ('2730', 'Algade 2', 'Building 2');
INSERT INTO ADDRESSENTITY (ZIPCODE, STREET, ADDITIONALINFO) VALUES ('2730', 'Frederiksberg Alle 52a', 'Building 2');
INSERT INTO ADDRESSENTITY (ZIPCODE, STREET, ADDITIONALINFO) VALUES ('3450', 'Roskildevej 13', 'Building 1');
INSERT INTO ADDRESSENTITY (ZIPCODE, STREET, ADDITIONALINFO) VALUES ('3050', 'Algade 2', 'Building 1');
INSERT INTO ADDRESSENTITY (ZIPCODE, STREET, ADDITIONALINFO) VALUES ('2730', 'Raadhuspladsen 8', 'Building 2');
INSERT INTO ADDRESSENTITY (ZIPCODE, STREET, ADDITIONALINFO) VALUES ('3050', 'Raadhuspladsen 8', 'Building 3');
INSERT INTO ADDRESSENTITY (ZIPCODE, STREET, ADDITIONALINFO) VALUES ('3050', 'Roskildevej 13', 'Building 1');
INSERT INTO ADDRESSENTITY (ZIPCODE, STREET, ADDITIONALINFO) VALUES ('1000', 'Algade 2', 'Building 4');
INSERT INTO ADDRESSENTITY (ZIPCODE, STREET, ADDITIONALINFO) VALUES ('1000', 'Algade 2', 'Building 2');
INSERT INTO ADDRESSENTITY (ZIPCODE, STREET, ADDITIONALINFO) VALUES ('2750', 'Frederiksberg Alle 52a', 'Building 3');
INSERT INTO ADDRESSENTITY (ZIPCODE, STREET, ADDITIONALINFO) VALUES ('1000', 'Algade 2', 'Building 1');
INSERT INTO ADDRESSENTITY (ZIPCODE, STREET, ADDITIONALINFO) VALUES ('3450', 'Raadhuspladsen 8', 'Building 5');
INSERT INTO ADDRESSENTITY (ZIPCODE, STREET, ADDITIONALINFO) VALUES ('2730', 'Raadhuspladsen 8', 'Building 4');
INSERT INTO ADDRESSENTITY (ZIPCODE, STREET, ADDITIONALINFO) VALUES ('2750', 'Ballerup Byvej 1', 'Building 4');
INSERT INTO ADDRESSENTITY (ZIPCODE, STREET, ADDITIONALINFO) VALUES ('3450', 'Roskildevej 13', 'Building 1');
INSERT INTO ADDRESSENTITY (ZIPCODE, STREET, ADDITIONALINFO) VALUES ('1000', 'Frederiksberg Alle 52a', 'Building 3');
INSERT INTO ADDRESSENTITY (ZIPCODE, STREET, ADDITIONALINFO) VALUES ('3050', 'Ballerup Byvej 1', 'Building 1');
INSERT INTO ADDRESSENTITY (ZIPCODE, STREET, ADDITIONALINFO) VALUES ('3450', 'Ballerup Byvej 1', 'Building 2');
INSERT INTO ADDRESSENTITY (ZIPCODE, STREET, ADDITIONALINFO) VALUES ('3050', 'Roskildevej 13', 'Building 3');
INSERT INTO ADDRESSENTITY (ZIPCODE, STREET, ADDITIONALINFO) VALUES ('2730', 'Roskildevej 13', 'Building 2');
INSERT INTO ADDRESSENTITY (ZIPCODE, STREET, ADDITIONALINFO) VALUES ('3050', 'Raadhuspladsen 8', 'Building 4');
INSERT INTO ADDRESSENTITY (ZIPCODE, STREET, ADDITIONALINFO) VALUES ('3450', 'Roskildevej 13', 'Building 4');
INSERT INTO ADDRESSENTITY (ZIPCODE, STREET, ADDITIONALINFO) VALUES ('2750', 'Frederiksberg Alle 52a', 'Building 4');
INSERT INTO ADDRESSENTITY (ZIPCODE, STREET, ADDITIONALINFO) VALUES ('2750', 'Ballerup Byvej 1', 'Building 2');
INSERT INTO ADDRESSENTITY (ZIPCODE, STREET, ADDITIONALINFO) VALUES ('3450', 'Frederiksberg Alle 52a', 'Building 3');
INSERT INTO INFOENTITY (DTYPE, ADDRESSID, EMAIL) VALUES ('CompanyEntity', '1', 'noticias@outlook.com');
INSERT INTO INFOENTITY (DTYPE, ADDRESSID, EMAIL) VALUES ('CompanyEntity', '2', 'ivoibs@yahoo.com');
INSERT INTO INFOENTITY (DTYPE, ADDRESSID, EMAIL) VALUES ('CompanyEntity', '3', 'ivoibs@yahoo.com');
INSERT INTO INFOENTITY (DTYPE, ADDRESSID, EMAIL) VALUES ('CompanyEntity', '4', 'jschauma@hotmail.com');
INSERT INTO INFOENTITY (DTYPE, ADDRESSID, EMAIL) VALUES ('CompanyEntity', '5', 'lpalmer@yahoo.com');
INSERT INTO INFOENTITY (DTYPE, ADDRESSID, EMAIL) VALUES ('CompanyEntity', '6', 'sethbrown@comcast.net');
INSERT INTO INFOENTITY (DTYPE, ADDRESSID, EMAIL) VALUES ('PersonEntity', '7', 'sethbrown@comcast.net');
INSERT INTO INFOENTITY (DTYPE, ADDRESSID, EMAIL) VALUES ('CompanyEntity', '8', 'ivoibs@yahoo.com');
INSERT INTO INFOENTITY (DTYPE, ADDRESSID, EMAIL) VALUES ('PersonEntity', '9', 'jschauma@hotmail.com');
INSERT INTO INFOENTITY (DTYPE, ADDRESSID, EMAIL) VALUES ('CompanyEntity', '10', 'ivoibs@yahoo.com');
INSERT INTO INFOENTITY (DTYPE, ADDRESSID, EMAIL) VALUES ('CompanyEntity', '11', 'lpalmer@yahoo.com');
INSERT INTO INFOENTITY (DTYPE, ADDRESSID, EMAIL) VALUES ('CompanyEntity', '12', 'jschauma@hotmail.com');
INSERT INTO INFOENTITY (DTYPE, ADDRESSID, EMAIL) VALUES ('PersonEntity', '13', 'ivoibs@yahoo.com');
INSERT INTO INFOENTITY (DTYPE, ADDRESSID, EMAIL) VALUES ('CompanyEntity', '14', 'jschauma@hotmail.com');
INSERT INTO INFOENTITY (DTYPE, ADDRESSID, EMAIL) VALUES ('CompanyEntity', '15', 'jschauma@hotmail.com');
INSERT INTO INFOENTITY (DTYPE, ADDRESSID, EMAIL) VALUES ('CompanyEntity', '16', 'sethbrown@comcast.net');
INSERT INTO INFOENTITY (DTYPE, ADDRESSID, EMAIL) VALUES ('PersonEntity', '17', 'sethbrown@comcast.net');
INSERT INTO INFOENTITY (DTYPE, ADDRESSID, EMAIL) VALUES ('PersonEntity', '18', 'jschauma@hotmail.com');
INSERT INTO INFOENTITY (DTYPE, ADDRESSID, EMAIL) VALUES ('CompanyEntity', '19', 'sethbrown@comcast.net');
INSERT INTO INFOENTITY (DTYPE, ADDRESSID, EMAIL) VALUES ('CompanyEntity', '20', 'jschauma@hotmail.com');
INSERT INTO INFOENTITY (DTYPE, ADDRESSID, EMAIL) VALUES ('CompanyEntity', '21', 'lpalmer@yahoo.com');
INSERT INTO INFOENTITY (DTYPE, ADDRESSID, EMAIL) VALUES ('CompanyEntity', '22', 'noticias@outlook.com');
INSERT INTO INFOENTITY (DTYPE, ADDRESSID, EMAIL) VALUES ('CompanyEntity', '23', 'jschauma@hotmail.com');
INSERT INTO INFOENTITY (DTYPE, ADDRESSID, EMAIL) VALUES ('CompanyEntity', '24', 'noticias@outlook.com');
INSERT INTO INFOENTITY (DTYPE, ADDRESSID, EMAIL) VALUES ('PersonEntity', '25', 'ivoibs@yahoo.com');
INSERT INTO PHONEENTITY (NUMBER, DESCRIPTION, INFOENTITYID) VALUES ('12345679', 'privat', '1');
INSERT INTO PHONEENTITY (NUMBER, DESCRIPTION, INFOENTITYID) VALUES ('12345680', 'midlertidigt', '2');
INSERT INTO PHONEENTITY (NUMBER, DESCRIPTION, INFOENTITYID) VALUES ('12345681', 'privat', '3');
INSERT INTO PHONEENTITY (NUMBER, DESCRIPTION, INFOENTITYID) VALUES ('12345682', 'privat', '4');
INSERT INTO PHONEENTITY (NUMBER, DESCRIPTION, INFOENTITYID) VALUES ('12345683', 'privat', '5');
INSERT INTO PHONEENTITY (NUMBER, DESCRIPTION, INFOENTITYID) VALUES ('12345684', 'fastnet', '6');
INSERT INTO PHONEENTITY (NUMBER, DESCRIPTION, INFOENTITYID) VALUES ('12345685', 'privat', '7');
INSERT INTO PHONEENTITY (NUMBER, DESCRIPTION, INFOENTITYID) VALUES ('12345686', 'fastnet', '8');
INSERT INTO PHONEENTITY (NUMBER, DESCRIPTION, INFOENTITYID) VALUES ('12345687', 'midlertidigt', '9');
INSERT INTO PHONEENTITY (NUMBER, DESCRIPTION, INFOENTITYID) VALUES ('12345688', 'mobil', '10');
INSERT INTO PHONEENTITY (NUMBER, DESCRIPTION, INFOENTITYID) VALUES ('12345689', 'mobil', '11');
INSERT INTO PHONEENTITY (NUMBER, DESCRIPTION, INFOENTITYID) VALUES ('12345690', 'mobil', '12');
INSERT INTO PHONEENTITY (NUMBER, DESCRIPTION, INFOENTITYID) VALUES ('12345691', 'mobil', '13');
INSERT INTO PHONEENTITY (NUMBER, DESCRIPTION, INFOENTITYID) VALUES ('12345692', 'midlertidigt', '14');
INSERT INTO PHONEENTITY (NUMBER, DESCRIPTION, INFOENTITYID) VALUES ('12345693', 'public', '15');
INSERT INTO PHONEENTITY (NUMBER, DESCRIPTION, INFOENTITYID) VALUES ('12345694', 'public', '16');
INSERT INTO PHONEENTITY (NUMBER, DESCRIPTION, INFOENTITYID) VALUES ('12345695', 'mobil', '17');
INSERT INTO PHONEENTITY (NUMBER, DESCRIPTION, INFOENTITYID) VALUES ('12345696', 'fastnet', '18');
INSERT INTO PHONEENTITY (NUMBER, DESCRIPTION, INFOENTITYID) VALUES ('12345697', 'mobil', '19');
INSERT INTO PHONEENTITY (NUMBER, DESCRIPTION, INFOENTITYID) VALUES ('12345698', 'midlertidigt', '20');
INSERT INTO PHONEENTITY (NUMBER, DESCRIPTION, INFOENTITYID) VALUES ('12345699', 'privat', '21');
INSERT INTO PHONEENTITY (NUMBER, DESCRIPTION, INFOENTITYID) VALUES ('12345700', 'privat', '22');
INSERT INTO PHONEENTITY (NUMBER, DESCRIPTION, INFOENTITYID) VALUES ('12345701', 'midlertidigt', '23');
INSERT INTO PHONEENTITY (NUMBER, DESCRIPTION, INFOENTITYID) VALUES ('12345702', 'public', '24');
INSERT INTO PHONEENTITY (NUMBER, DESCRIPTION, INFOENTITYID) VALUES ('12345703', 'public', '25');
INSERT INTO COMPANYENTITY (ID, NAME, DESCRIPTION, CVR, NUMEMPLOYEES, MARKETVALUE) VALUES ('1', 'The Brey Phone Films Company', 'Real Estate', '27974333', '10000', '250000');
INSERT INTO COMPANYENTITY (ID, NAME, DESCRIPTION, CVR, NUMEMPLOYEES, MARKETVALUE) VALUES ('2', 'The Brey Phone Films Company', 'Home Furnishing', '10629241', '1250', '2000000');
INSERT INTO COMPANYENTITY (ID, NAME, DESCRIPTION, CVR, NUMEMPLOYEES, MARKETVALUE) VALUES ('3', 'Hot Spoon web', 'Real Estate', '10629241', '250', '2000000');
INSERT INTO COMPANYENTITY (ID, NAME, DESCRIPTION, CVR, NUMEMPLOYEES, MARKETVALUE) VALUES ('4', 'Thin Beaver Marketing', 'Home Furnishing', '27974333', '10000', '250000');
INSERT INTO COMPANYENTITY (ID, NAME, DESCRIPTION, CVR, NUMEMPLOYEES, MARKETVALUE) VALUES ('5', 'The Angry Cherry Marketing Computing', 'Restaurant', '34739854', '1250', '2000000');
INSERT INTO COMPANYENTITY (ID, NAME, DESCRIPTION, CVR, NUMEMPLOYEES, MARKETVALUE) VALUES ('6', 'The Angry Cherry Marketing Computing', 'Sports Club', '10629241', '1250', '750000');
INSERT INTO COMPANYENTITY (ID, NAME, DESCRIPTION, CVR, NUMEMPLOYEES, MARKETVALUE) VALUES ('7', 'Hot Spoon web', 'Restaurant', '10629241', '25', '2000000');
INSERT INTO COMPANYENTITY (ID, NAME, DESCRIPTION, CVR, NUMEMPLOYEES, MARKETVALUE) VALUES ('8', 'Hot Spoon web', 'Real Estate', '10629241', '1250', '250000');
INSERT INTO COMPANYENTITY (ID, NAME, DESCRIPTION, CVR, NUMEMPLOYEES, MARKETVALUE) VALUES ('9', 'Hot Spoon web', 'Sports Club', '10629241', '1250', '500000');
INSERT INTO COMPANYENTITY (ID, NAME, DESCRIPTION, CVR, NUMEMPLOYEES, MARKETVALUE) VALUES ('10', 'The Angry Cherry Marketing Computing', 'Restaurant', '27974333', '5', '2000000');
INSERT INTO COMPANYENTITY (ID, NAME, DESCRIPTION, CVR, NUMEMPLOYEES, MARKETVALUE) VALUES ('11', 'Thin Beaver Marketing', 'Real Estate', '10629241', '25', '1000000');
INSERT INTO COMPANYENTITY (ID, NAME, DESCRIPTION, CVR, NUMEMPLOYEES, MARKETVALUE) VALUES ('12', 'Thin Beaver Marketing', 'Sports Club', '34739854', '1250', '2000000');
INSERT INTO COMPANYENTITY (ID, NAME, DESCRIPTION, CVR, NUMEMPLOYEES, MARKETVALUE) VALUES ('13', 'The Angry Cherry Marketing Computing', 'Shipping', '27974333', '250', '250000');
INSERT INTO COMPANYENTITY (ID, NAME, DESCRIPTION, CVR, NUMEMPLOYEES, MARKETVALUE) VALUES ('14', 'Hot Spoon web', 'Sports Club', '40180753', '10000', '2000000');
INSERT INTO COMPANYENTITY (ID, NAME, DESCRIPTION, CVR, NUMEMPLOYEES, MARKETVALUE) VALUES ('15', 'The Angry Cherry Marketing Computing', 'Shipping', '27974333', '1250', '1000000');
INSERT INTO COMPANYENTITY (ID, NAME, DESCRIPTION, CVR, NUMEMPLOYEES, MARKETVALUE) VALUES ('16', 'Thin Beaver Marketing', 'Home Furnishing', '10629241', '10000', '2000000');
INSERT INTO COMPANYENTITY (ID, NAME, DESCRIPTION, CVR, NUMEMPLOYEES, MARKETVALUE) VALUES ('17', 'The Cold Duck theatre Company', 'Restaurant', '40180753', '5', '1000000');
INSERT INTO COMPANYENTITY (ID, NAME, DESCRIPTION, CVR, NUMEMPLOYEES, MARKETVALUE) VALUES ('18', 'Thin Beaver Marketing', 'Real Estate', '10629241', '5', '500000');
INSERT INTO COMPANYENTITY (ID, NAME, DESCRIPTION, CVR, NUMEMPLOYEES, MARKETVALUE) VALUES ('19', 'Thin Beaver Marketing', 'Sports Club', '10629241', '25', '750000');
INSERT INTO COMPANYENTITY (ID, NAME, DESCRIPTION, CVR, NUMEMPLOYEES, MARKETVALUE) VALUES ('20', 'Thin Beaver Marketing', 'Real Estate', '25779770', '10000', '500000');
INSERT INTO COMPANYENTITY (ID, NAME, DESCRIPTION, CVR, NUMEMPLOYEES, MARKETVALUE) VALUES ('21', 'Thin Beaver Marketing', 'Sports Club', '34739854', '10000', '750000');
INSERT INTO COMPANYENTITY (ID, NAME, DESCRIPTION, CVR, NUMEMPLOYEES, MARKETVALUE) VALUES ('22', 'The Angry Cherry Marketing Computing', 'Restaurant', '25779770', '10000', '500000');
INSERT INTO COMPANYENTITY (ID, NAME, DESCRIPTION, CVR, NUMEMPLOYEES, MARKETVALUE) VALUES ('23', 'The Brey Phone Films Company', 'Shipping', '25779770', '25', '750000');
INSERT INTO COMPANYENTITY (ID, NAME, DESCRIPTION, CVR, NUMEMPLOYEES, MARKETVALUE) VALUES ('24', 'Hot Spoon web', 'Real Estate', '10629241', '5', '750000');
INSERT INTO COMPANYENTITY (ID, NAME, DESCRIPTION, CVR, NUMEMPLOYEES, MARKETVALUE) VALUES ('25', 'The Cold Duck theatre Company', 'Sports Club', '10629241', '5', '750000');
INSERT INTO ADDRESSENTITY (ZIPCODE, STREET, ADDITIONALINFO) VALUES ('3050', 'Frederiksberg Alle 52a', 'Building 3');
INSERT INTO ADDRESSENTITY (ZIPCODE, STREET, ADDITIONALINFO) VALUES ('3050', 'Frederiksberg Alle 52a', 'Building 4');
INSERT INTO ADDRESSENTITY (ZIPCODE, STREET, ADDITIONALINFO) VALUES ('1000', 'Roskildevej 13', 'Building 5');
INSERT INTO ADDRESSENTITY (ZIPCODE, STREET, ADDITIONALINFO) VALUES ('1000', 'Roskildevej 13', 'Building 1');
INSERT INTO ADDRESSENTITY (ZIPCODE, STREET, ADDITIONALINFO) VALUES ('3450', 'Ballerup Byvej 1', 'Building 1');
INSERT INTO ADDRESSENTITY (ZIPCODE, STREET, ADDITIONALINFO) VALUES ('3050', 'Frederiksberg Alle 52a', 'Building 3');
INSERT INTO ADDRESSENTITY (ZIPCODE, STREET, ADDITIONALINFO) VALUES ('2730', 'Frederiksberg Alle 52a', 'Building 3');
INSERT INTO ADDRESSENTITY (ZIPCODE, STREET, ADDITIONALINFO) VALUES ('2730', 'Frederiksberg Alle 52a', 'Building 3');
INSERT INTO ADDRESSENTITY (ZIPCODE, STREET, ADDITIONALINFO) VALUES ('2730', 'Raadhuspladsen 8', 'Building 5');
INSERT INTO ADDRESSENTITY (ZIPCODE, STREET, ADDITIONALINFO) VALUES ('3450', 'Ballerup Byvej 1', 'Building 2');
INSERT INTO ADDRESSENTITY (ZIPCODE, STREET, ADDITIONALINFO) VALUES ('2730', 'Ballerup Byvej 1', 'Building 2');
INSERT INTO ADDRESSENTITY (ZIPCODE, STREET, ADDITIONALINFO) VALUES ('2750', 'Ballerup Byvej 1', 'Building 2');
INSERT INTO ADDRESSENTITY (ZIPCODE, STREET, ADDITIONALINFO) VALUES ('3050', 'Ballerup Byvej 1', 'Building 3');
INSERT INTO ADDRESSENTITY (ZIPCODE, STREET, ADDITIONALINFO) VALUES ('1000', 'Algade 2', 'Building 5');
INSERT INTO ADDRESSENTITY (ZIPCODE, STREET, ADDITIONALINFO) VALUES ('2730', 'Raadhuspladsen 8', 'Building 2');
INSERT INTO ADDRESSENTITY (ZIPCODE, STREET, ADDITIONALINFO) VALUES ('3050', 'Algade 2', 'Building 1');
INSERT INTO ADDRESSENTITY (ZIPCODE, STREET, ADDITIONALINFO) VALUES ('2750', 'Ballerup Byvej 1', 'Building 3');
INSERT INTO ADDRESSENTITY (ZIPCODE, STREET, ADDITIONALINFO) VALUES ('3450', 'Raadhuspladsen 8', 'Building 5');
INSERT INTO ADDRESSENTITY (ZIPCODE, STREET, ADDITIONALINFO) VALUES ('3450', 'Algade 2', 'Building 4');
INSERT INTO ADDRESSENTITY (ZIPCODE, STREET, ADDITIONALINFO) VALUES ('3450', 'Roskildevej 13', 'Building 3');
INSERT INTO ADDRESSENTITY (ZIPCODE, STREET, ADDITIONALINFO) VALUES ('2750', 'Roskildevej 13', 'Building 4');
INSERT INTO ADDRESSENTITY (ZIPCODE, STREET, ADDITIONALINFO) VALUES ('1000', 'Ballerup Byvej 1', 'Building 4');
INSERT INTO ADDRESSENTITY (ZIPCODE, STREET, ADDITIONALINFO) VALUES ('3050', 'Algade 2', 'Building 1');
INSERT INTO ADDRESSENTITY (ZIPCODE, STREET, ADDITIONALINFO) VALUES ('2750', 'Roskildevej 13', 'Building 5');
INSERT INTO ADDRESSENTITY (ZIPCODE, STREET, ADDITIONALINFO) VALUES ('3450', 'Algade 2', 'Building 4');
INSERT INTO INFOENTITY (DTYPE, ADDRESSID, EMAIL) VALUES ('CompanyEntity', '26', 'sethbrown@comcast.net');
INSERT INTO INFOENTITY (DTYPE, ADDRESSID, EMAIL) VALUES ('PersonEntity', '27', 'lpalmer@yahoo.com');
INSERT INTO INFOENTITY (DTYPE, ADDRESSID, EMAIL) VALUES ('CompanyEntity', '28', 'lpalmer@yahoo.com');
INSERT INTO INFOENTITY (DTYPE, ADDRESSID, EMAIL) VALUES ('CompanyEntity', '29', 'ivoibs@yahoo.com');
INSERT INTO INFOENTITY (DTYPE, ADDRESSID, EMAIL) VALUES ('CompanyEntity', '30', 'noticias@outlook.com');
INSERT INTO INFOENTITY (DTYPE, ADDRESSID, EMAIL) VALUES ('PersonEntity', '31', 'noticias@outlook.com');
INSERT INTO INFOENTITY (DTYPE, ADDRESSID, EMAIL) VALUES ('PersonEntity', '32', 'ivoibs@yahoo.com');
INSERT INTO INFOENTITY (DTYPE, ADDRESSID, EMAIL) VALUES ('CompanyEntity', '33', 'jschauma@hotmail.com');
INSERT INTO INFOENTITY (DTYPE, ADDRESSID, EMAIL) VALUES ('PersonEntity', '34', 'noticias@outlook.com');
INSERT INTO INFOENTITY (DTYPE, ADDRESSID, EMAIL) VALUES ('CompanyEntity', '35', 'ivoibs@yahoo.com');
INSERT INTO INFOENTITY (DTYPE, ADDRESSID, EMAIL) VALUES ('CompanyEntity', '36', 'sethbrown@comcast.net');
INSERT INTO INFOENTITY (DTYPE, ADDRESSID, EMAIL) VALUES ('PersonEntity', '37', 'sethbrown@comcast.net');
INSERT INTO INFOENTITY (DTYPE, ADDRESSID, EMAIL) VALUES ('PersonEntity', '38', 'ivoibs@yahoo.com');
INSERT INTO INFOENTITY (DTYPE, ADDRESSID, EMAIL) VALUES ('PersonEntity', '39', 'ivoibs@yahoo.com');
INSERT INTO INFOENTITY (DTYPE, ADDRESSID, EMAIL) VALUES ('CompanyEntity', '40', 'ivoibs@yahoo.com');
INSERT INTO INFOENTITY (DTYPE, ADDRESSID, EMAIL) VALUES ('CompanyEntity', '41', 'sethbrown@comcast.net');
INSERT INTO INFOENTITY (DTYPE, ADDRESSID, EMAIL) VALUES ('CompanyEntity', '42', 'noticias@outlook.com');
INSERT INTO INFOENTITY (DTYPE, ADDRESSID, EMAIL) VALUES ('CompanyEntity', '43', 'ivoibs@yahoo.com');
INSERT INTO INFOENTITY (DTYPE, ADDRESSID, EMAIL) VALUES ('CompanyEntity', '44', 'ivoibs@yahoo.com');
INSERT INTO INFOENTITY (DTYPE, ADDRESSID, EMAIL) VALUES ('CompanyEntity', '45', 'noticias@outlook.com');
INSERT INTO INFOENTITY (DTYPE, ADDRESSID, EMAIL) VALUES ('CompanyEntity', '46', 'jschauma@hotmail.com');
INSERT INTO INFOENTITY (DTYPE, ADDRESSID, EMAIL) VALUES ('PersonEntity', '47', 'jschauma@hotmail.com');
INSERT INTO INFOENTITY (DTYPE, ADDRESSID, EMAIL) VALUES ('CompanyEntity', '48', 'jschauma@hotmail.com');
INSERT INTO INFOENTITY (DTYPE, ADDRESSID, EMAIL) VALUES ('CompanyEntity', '49', 'noticias@outlook.com');
INSERT INTO INFOENTITY (DTYPE, ADDRESSID, EMAIL) VALUES ('PersonEntity', '50', 'jschauma@hotmail.com');
INSERT INTO PHONEENTITY (NUMBER, DESCRIPTION, INFOENTITYID) VALUES ('12345729', 'fastnet', '26');
INSERT INTO PHONEENTITY (NUMBER, DESCRIPTION, INFOENTITYID) VALUES ('12345730', 'midlertidigt', '27');
INSERT INTO PHONEENTITY (NUMBER, DESCRIPTION, INFOENTITYID) VALUES ('12345731', 'privat', '28');
INSERT INTO PHONEENTITY (NUMBER, DESCRIPTION, INFOENTITYID) VALUES ('12345732', 'privat', '29');
INSERT INTO PHONEENTITY (NUMBER, DESCRIPTION, INFOENTITYID) VALUES ('12345733', 'mobil', '30');
INSERT INTO PHONEENTITY (NUMBER, DESCRIPTION, INFOENTITYID) VALUES ('12345734', 'fastnet', '31');
INSERT INTO PHONEENTITY (NUMBER, DESCRIPTION, INFOENTITYID) VALUES ('12345735', 'public', '32');
INSERT INTO PHONEENTITY (NUMBER, DESCRIPTION, INFOENTITYID) VALUES ('12345736', 'privat', '33');
INSERT INTO PHONEENTITY (NUMBER, DESCRIPTION, INFOENTITYID) VALUES ('12345737', 'fastnet', '34');
INSERT INTO PHONEENTITY (NUMBER, DESCRIPTION, INFOENTITYID) VALUES ('12345738', 'public', '35');
INSERT INTO PHONEENTITY (NUMBER, DESCRIPTION, INFOENTITYID) VALUES ('12345739', 'public', '36');
INSERT INTO PHONEENTITY (NUMBER, DESCRIPTION, INFOENTITYID) VALUES ('12345740', 'public', '37');
INSERT INTO PHONEENTITY (NUMBER, DESCRIPTION, INFOENTITYID) VALUES ('12345741', 'fastnet', '38');
INSERT INTO PHONEENTITY (NUMBER, DESCRIPTION, INFOENTITYID) VALUES ('12345742', 'mobil', '39');
INSERT INTO PHONEENTITY (NUMBER, DESCRIPTION, INFOENTITYID) VALUES ('12345743', 'privat', '40');
INSERT INTO PHONEENTITY (NUMBER, DESCRIPTION, INFOENTITYID) VALUES ('12345744', 'midlertidigt', '41');
INSERT INTO PHONEENTITY (NUMBER, DESCRIPTION, INFOENTITYID) VALUES ('12345745', 'midlertidigt', '42');
INSERT INTO PHONEENTITY (NUMBER, DESCRIPTION, INFOENTITYID) VALUES ('12345746', 'public', '43');
INSERT INTO PHONEENTITY (NUMBER, DESCRIPTION, INFOENTITYID) VALUES ('12345747', 'privat', '44');
INSERT INTO PHONEENTITY (NUMBER, DESCRIPTION, INFOENTITYID) VALUES ('12345748', 'privat', '45');
INSERT INTO PHONEENTITY (NUMBER, DESCRIPTION, INFOENTITYID) VALUES ('12345749', 'fastnet', '46');
INSERT INTO PHONEENTITY (NUMBER, DESCRIPTION, INFOENTITYID) VALUES ('12345750', 'privat', '47');
INSERT INTO PHONEENTITY (NUMBER, DESCRIPTION, INFOENTITYID) VALUES ('12345751', 'midlertidigt', '48');
INSERT INTO PHONEENTITY (NUMBER, DESCRIPTION, INFOENTITYID) VALUES ('12345752', 'mobil', '49');
INSERT INTO PHONEENTITY (NUMBER, DESCRIPTION, INFOENTITYID) VALUES ('12345753', 'midlertidigt', '50');
INSERT INTO PERSONENTITY (ID, FIRSTNAME, LASTNAME) VALUES ('1', 'Stanislav', 'Dinesen');
INSERT INTO PERSONENTITY (ID, FIRSTNAME, LASTNAME) VALUES ('2', 'Alexander', 'Dinesen');
INSERT INTO PERSONENTITY (ID, FIRSTNAME, LASTNAME) VALUES ('3', 'Sigurd', 'Christensen');
INSERT INTO PERSONENTITY (ID, FIRSTNAME, LASTNAME) VALUES ('4', 'Alexander', 'Hansen');
INSERT INTO PERSONENTITY (ID, FIRSTNAME, LASTNAME) VALUES ('5', 'Mikkel', 'Dinesen');
INSERT INTO PERSONENTITY (ID, FIRSTNAME, LASTNAME) VALUES ('6', 'Mikkel', 'Christensen');
INSERT INTO PERSONENTITY (ID, FIRSTNAME, LASTNAME) VALUES ('7', 'Alexander', 'Hansen');
INSERT INTO PERSONENTITY (ID, FIRSTNAME, LASTNAME) VALUES ('8', 'Alexander', 'Andersen');
INSERT INTO PERSONENTITY (ID, FIRSTNAME, LASTNAME) VALUES ('9', 'Mathias', 'Christensen');
INSERT INTO PERSONENTITY (ID, FIRSTNAME, LASTNAME) VALUES ('10', 'Alexander', 'Andersen');
INSERT INTO PERSONENTITY (ID, FIRSTNAME, LASTNAME) VALUES ('11', 'Sigurd', 'Henriksen');
INSERT INTO PERSONENTITY (ID, FIRSTNAME, LASTNAME) VALUES ('12', 'Alexander', 'Hansen');
INSERT INTO PERSONENTITY (ID, FIRSTNAME, LASTNAME) VALUES ('13', 'Stanislav', 'Christensen');
INSERT INTO PERSONENTITY (ID, FIRSTNAME, LASTNAME) VALUES ('14', 'Alexander', 'Christensen');
INSERT INTO PERSONENTITY (ID, FIRSTNAME, LASTNAME) VALUES ('15', 'Stanislav', 'Andersen');
INSERT INTO PERSONENTITY (ID, FIRSTNAME, LASTNAME) VALUES ('16', 'Mathias', 'Christensen');
INSERT INTO PERSONENTITY (ID, FIRSTNAME, LASTNAME) VALUES ('17', 'Alexander', 'Andersen');
INSERT INTO PERSONENTITY (ID, FIRSTNAME, LASTNAME) VALUES ('18', 'Mikkel', 'Hansen');
INSERT INTO PERSONENTITY (ID, FIRSTNAME, LASTNAME) VALUES ('19', 'Mikkel', 'Dinesen');
INSERT INTO PERSONENTITY (ID, FIRSTNAME, LASTNAME) VALUES ('20', 'Sigurd', 'Dinesen');
INSERT INTO PERSONENTITY (ID, FIRSTNAME, LASTNAME) VALUES ('21', 'Mathias', 'Henriksen');
INSERT INTO PERSONENTITY (ID, FIRSTNAME, LASTNAME) VALUES ('22', 'Sigurd', 'Henriksen');
INSERT INTO PERSONENTITY (ID, FIRSTNAME, LASTNAME) VALUES ('23', 'Stanislav', 'Henriksen');
INSERT INTO PERSONENTITY (ID, FIRSTNAME, LASTNAME) VALUES ('24', 'Stanislav', 'Hansen');
INSERT INTO PERSONENTITY (ID, FIRSTNAME, LASTNAME) VALUES ('25', 'Stanislav', 'Henriksen');
INSERT INTO HOBBYENTITY (NAME, DESCRIPTION) VALUES ('windsurfing', 'teamsport');
INSERT INTO HOBBYENTITY (NAME, DESCRIPTION) VALUES ('gaming', 'enkeltperson');
INSERT INTO HOBBYENTITY (NAME, DESCRIPTION) VALUES ('floorball', 'holdsport');
INSERT INTO HOBBYENTITY (NAME, DESCRIPTION) VALUES ('håndbold', 'enkeltperson');
INSERT INTO HOBBYENTITY (NAME, DESCRIPTION) VALUES ('fodbold', 'teamsport');
INSERT INTO personentity_hobbyentity (hobbies_NAME, persons_ID) VALUES ('håndbold', '1');
INSERT INTO personentity_hobbyentity (hobbies_NAME, persons_ID) VALUES ('gaming', '2');
INSERT INTO personentity_hobbyentity (hobbies_NAME, persons_ID) VALUES ('gaming', '3');
INSERT INTO personentity_hobbyentity (hobbies_NAME, persons_ID) VALUES ('fodbold', '4');
INSERT INTO personentity_hobbyentity (hobbies_NAME, persons_ID) VALUES ('windsurfing', '5');
INSERT INTO personentity_hobbyentity (hobbies_NAME, persons_ID) VALUES ('fodbold', '6');
INSERT INTO personentity_hobbyentity (hobbies_NAME, persons_ID) VALUES ('håndbold', '7');
INSERT INTO personentity_hobbyentity (hobbies_NAME, persons_ID) VALUES ('windsurfing', '8');
INSERT INTO personentity_hobbyentity (hobbies_NAME, persons_ID) VALUES ('fodbold', '9');
INSERT INTO personentity_hobbyentity (hobbies_NAME, persons_ID) VALUES ('fodbold', '10');
INSERT INTO personentity_hobbyentity (hobbies_NAME, persons_ID) VALUES ('floorball', '11');
INSERT INTO personentity_hobbyentity (hobbies_NAME, persons_ID) VALUES ('gaming', '12');
INSERT INTO personentity_hobbyentity (hobbies_NAME, persons_ID) VALUES ('håndbold', '13');
INSERT INTO personentity_hobbyentity (hobbies_NAME, persons_ID) VALUES ('floorball', '14');
INSERT INTO personentity_hobbyentity (hobbies_NAME, persons_ID) VALUES ('windsurfing', '15');
INSERT INTO personentity_hobbyentity (hobbies_NAME, persons_ID) VALUES ('fodbold', '16');
INSERT INTO personentity_hobbyentity (hobbies_NAME, persons_ID) VALUES ('windsurfing', '17');
INSERT INTO personentity_hobbyentity (hobbies_NAME, persons_ID) VALUES ('windsurfing', '18');
INSERT INTO personentity_hobbyentity (hobbies_NAME, persons_ID) VALUES ('håndbold', '19');
INSERT INTO personentity_hobbyentity (hobbies_NAME, persons_ID) VALUES ('floorball', '20');
INSERT INTO personentity_hobbyentity (hobbies_NAME, persons_ID) VALUES ('fodbold', '21');
INSERT INTO personentity_hobbyentity (hobbies_NAME, persons_ID) VALUES ('windsurfing', '22');
INSERT INTO personentity_hobbyentity (hobbies_NAME, persons_ID) VALUES ('håndbold', '23');
INSERT INTO personentity_hobbyentity (hobbies_NAME, persons_ID) VALUES ('gaming', '24');
INSERT INTO personentity_hobbyentity (hobbies_NAME, persons_ID) VALUES ('håndbold', '25');